排名,标题,描述,链接,图像,热度,关注者,被浏览量,总回答数,是否在榜,是否已生成ai总结,Hash,回答1,回答1点赞数,回答2,回答2点赞数
1,胖东来红内裤案宣判，被告段某赔偿 40 万、道歉 30 天，怎样从法律角度解读？有哪些警示意义？,据河南省许昌市魏都区人民法院消息，2025 年 5 月 28 日，许昌市魏都区人民法院依法公开开庭审理了原告许昌市胖东来商贸集团有限公司与被告段某名誉权纠纷案，并当庭宣判，判决段某在其个人抖音账号「两个小段（小）」发布宣读书面道歉信的视频，书面道歉信的具体内容需经法院审核，发布后 30 日内不得删除；段某赔偿许昌市胖东来商贸集团有限公司各项经济损失共计 400000 元。部分人大代表、政协委员、媒体记者、律师代表、企业代表旁听了案件庭审。,https://www.zhihu.com/question/1911696926719571825,https://pica.zhimg.com/50/v2-e68907ca78828eee7a977ebfc9309292_400x224.jpg,2156 万热度,742,"1,944,565",374,False,True,63778661844050584197213365990422185342985868714646088477158814937204929149253,[],3160,[],1166
2,游客发现重庆武陵山天池底为 304 不锈钢，景区称可能是防漏措施，用不锈钢治理湖泊渗漏效果怎么样？,近日，有游客在重庆武陵山森林公园发现了「不锈钢天池」，视频引起广泛关注。据网友发布的图片显示，天池水很清澈，池壁有金属光泽。5 月 27 日，该景区工作人员告诉记者，天池的池底及池壁确实是用不锈钢铺装的，印象中该天池已建成多年。 景区工作人员表示，不锈钢铺装工程多年前已完工，主要目的是防止渗漏。由于武陵山属于喀斯特地貌，地下溶洞和裂隙较多，天然蓄水难度大，采用不锈钢材质可有效减少水资源流失，保障饮用水源的稳定性。公开资料显示，该地区地质结构复杂，不锈钢防漏技术或为解决天然湖泊渗漏问题的一种创新尝试。游客发现森林公园天池底为 304 不锈钢？景区：可能是防漏措施,https://www.zhihu.com/question/1911019629867918389,https://pica.zhimg.com/80/v2-21ce1f5a7a8ba1d864eb8122cc037442_400x224.png?source=1def8aca,1406 万热度,546,"2,309,427",151,False,True,19604947960610052894235852562553416199058267355711924898703606115893653696490,[],1861,[],3800
3,如何看待近几年星二代扎堆出道？他们图的是什么？,最近娱乐圈像打开了「星二代盲盒」，一个个接连上桌。 先是陈奕迅女儿陈康堤刚官宣出道，就顶着「华纳年度重点新人」的名头被全网打量；紧接着黄多多要演程耳的新片，阵容一流，争议也一流；而金龟子的女儿王逸宸，干脆直播间直接开麦：「我妈奋斗一辈子，不让我蹭让我干嘛？」 他们已经站在巨人的肩膀上了，为啥还要在娱乐圈打拼？,https://www.zhihu.com/question/1911063428795164228,https://picx.zhimg.com/80/v2-d7ff2aaeca9241ea806088ee1a8c61e4_400x224.png?source=1def8aca,498 万热度,572,"1,717,838",317,False,True,88467308454803501612949722267652561492036610214319056313892761121330656181239,[],5927,[],1076
4,吴艳妮获田径亚锦赛女子 100 米栏季军，赛后哽咽道歉「没拿到冠军很对不起大家」，怎样看待她的表现？,因当地暴雨天气，原本计划 5 月 29 日下午 5 时许进行的亚洲田径锦标赛女子 100 米栏决赛，延迟至当晚 9 时许开赛。比赛中，中国选手吴艳妮以 13 秒 068 的成绩获得季军。 赛后，吴艳妮走路有些一瘸一拐。 赛后采访吴艳妮哽咽向大家道歉：「很感谢你们来现场为我加油，没为中国队拿到这个冠军，很对不起大家。我的伤还没养好，不想为自己过多的解释，我还是觉得我在亚洲是最棒的，中国队是最棒的。」 5 月 28 日上午，吴艳妮以 13 秒 07 的成绩晋级决赛。赛后，吴艳妮的母亲熊艳接受采访时透露，比赛结果如何并不重要，只希望她尽快恢复，以最佳的状态迎接未来的比赛。原来，5 月 3 日，吴艳妮在参加 2025 年长三角国际田径钻石赛（上海 / 绍兴柯桥）时已是带伤参赛，到现在仍没有完全恢复。 亚洲田径锦标赛女子 100 米栏获铜牌，吴艳妮哽咽道歉：没为中国队拿到冠军很对不起大家,https://www.zhihu.com/question/1911702651139225229,https://pica.zhimg.com/80/v2-11d6f86910bddfbe8048bf1da0bc29de_400x224.png?source=1def8aca,292 万热度,172,"452,107",128,False,True,56296926002447867574611757462752497027439611677760964842066405718609112305148,[],236,[],240
5,多地曝「谷子店」闭店消息，为什么会出现闭店潮？这个行业是昙花一现吗？,问题 「谷子经济」还能像过去那样「丰收」吗？挣「二次元」的钱，难不难？ 答案 不只是做单一的「谷子」销售，还自主开发产品，做 IP 代运营，一步一步介入「谷子经济」全链条 自己开发 App，为平台用户建立「模玩元宇宙」，让线上平台不止于购物交易，还增加社交属性，进而提升用户消费黏性 结论 想要分到更大蛋糕，企业必须紧跟热点、更接地气、满足需求。同时，持续扶持和孵化优质 IP，探索更多联名和跨界 你听说过「谷子经济」吗？这是和农业没什么关系的概念，此前相关消费热潮席卷各大城市，「吃谷地」更是成为炙手可热的打卡地。 「谷子」，即英文「goods」的谐音，指的是以动漫、游戏、偶像等流行文化元素为主题的周边商品。购买这些商品被称作「吃谷」，而生产销售这些商品被称作「种谷」。 2024 年，中国「谷子经济」市场规模达 1689 亿元。然而，今年一季度，多地连续曝出「谷子店」闭店的消息。难道「谷子经济」面临着「猝死」？5 月 28 日，我来到成都「谷子经济」聚集地之一——成都天府红购物中心一探究竟。 A「鸡蛋不能放在一个篮子里，公司便开始自主开发产品，做 IP 代运营」 上午 10 点，商场内「谷子店」都已开门营业，客流量却不大。「工作日是这样，周末稍微好一点。平时日营收有几百元，生意惨淡的时候一天才挣一百多块钱。」其中一家「谷子店」店员告诉我，今年以来，线下「谷子店」经营压力明显增大，「因为商场不断有新的‘谷子店’入驻。」 「我们另一家分店目前已是纯亏本了。」另一家「谷子店」老板也倒起苦水。他拿出手机给我算了一笔账，每个月营收要保持在 10 万元以上才能回本，开店以来的收益，远低于对市场的预期。现场逛店的消费者小张告诉我，她家附近的几个「谷子店」，已在今年二三月份闭店。 「谷子经济」歉收，挣「二次元」的钱变难了？ 我来到四川本土「二次元」企业——成都模玩咖科技有限公司寻找答案。2024 年，该公司线上平台交易额达到 3 亿元。 「现在公司的业务怎么样？」面对我的问题，该公司开发部负责人高文奇笑着回答：「还行啊，这得益于我们转型早。」 原来，该公司已不只是做单一的「谷子」销售，在 4 年前就一步一步介入「谷子经济」全链条。谈及转型的原因，该公司创始人姚小明表示，因为发现行业本身存在一些问题，「鸡蛋不能放在一个篮子里，公司便开始自主开发产品，做 IP 代运营。」 为什么要做自己的产品？「做代理销售时，我们发现有些工作室有好作品，但是没有市场销售能力，有些工作室只能完成其中某个环节。我们这种上下游资源整合中间商的价值就凸显了。」高文奇说。 B「我们虽把销售重心放在线上，但也没有放弃线下市场」 自主研发产品有什么挑战？高文奇介绍，首先是版权周期问题，一款好产品从设计到生产再到出货至少要半年，如果其中某个阶段周期太长，就会影响其他环节。「一个有热度的 IP，耽误了产品上市时间，不仅会直接影响销售效果，我们支付的版权费也打水漂了。」 其次是设计建模。高文奇说，从设计到建模，每一步都需要团队反复打磨。在建模师小张工位前，他向我展示了一款已经建好的雕像模型。这是该公司和王者荣耀联名的一款雕像，版权方只提供设定图，主体形象设计和初步建模都需要公司完成。这款雕像光建模就花了 1 个月，中间反复修改了几遍。 当 3D 建模方案获得授权方通过后，则进入产品生产环节。高文奇带我前往位于成都市双流区的生产工厂。车间里，没有想象中的机器轰鸣、流水线作业场景，只有几十名工人师傅专注于手工作业。 「每个产品都要经过修模、制模、成形、修补、喷涂、手涂、组装、检修、包装，困难不少。」厂长符洪银告诉我，更大的问题是人才缺乏，「目前的技术没办法采用机器作业，分件制作和涂装全靠人工，比如一个头雕涂装，没有几年工作经验是没办法胜任的。」 最终，产品需要市场检验。「我们虽把销售重心放在线上，但也没有放弃线下市场。」走进兴隆湖畔的模坑博物馆，各式各样的手办模玩以及小商品，让人目不暇接。姚小明告诉我，这座线下展馆搬了两次家，如今仍在坚持的原因，是用作陈列展示培育市场。「我们正在探索新玩法，如今年 7 月会在重庆开第二个展馆，通过配合商场售卖门票观展的方式开放，既能宣传推广，也能实现部分线下销售转化。」 C「想要分到更大蛋糕，企业必须紧跟热点、更接地气、满足需求」 姚小明向我展示了该公司自己开发的 App「模坑」，这个线上交易平台类似「手办模玩界的淘宝」。安卓手机应用商店显示，该 App 下载次数有 86 万次。打开 App，推荐页展示了许多近期热门 IP 的预售产品，例如，《黑神话：悟空》的可动人偶，价格为 298 元；《画江湖之不良人》的主题雕像，价格为 5666 元；最贵的一款产品——1∶1 钢铁侠 Mark44 雕像，售价为 50 万元。 其他网络平台也可以卖「二次元」产品，消费者凭什么愿意下载这个 App？「我们的 App 玩法更专业、更垂直，且只销售正版产品，所以既吸引了很多工作室入驻，也吸引了一批忠实消费者。」姚小明说。区别于其他平台，模玩咖为平台用户建立了一个「模玩元宇宙」，用户可以将购买的产品放进数字展厅，同时结识更多兴趣相投的人，让线上平台不止于购物交易，还增加了社交属性，进而提升用户消费黏性。 对于「谷子经济」行业面临的问题，姚小明表示，当大家听说这个东西赚钱，盲目进入，供应商就会过剩，一些经营不善的商家必然被淘汰。在他看来，「谷子经济」依然欣欣向荣，「想要分到更大蛋糕，企业必须紧跟热点、更接地气、满足需求。」同时，持续扶持和孵化优质 IP，探索更多联名和跨界。多地曝「谷子店」闭店消息，挣「二次元」的钱难不难,https://www.zhihu.com/question/1911435087171510322,https://picx.zhimg.com/50/v2-cfa3c023696173f80ef4f3621b03d301_400x224.jpg,252 万热度,172,"226,313",69,False,True,48084896474930102412732219068721478993718455523393963436518279983726195924924,[],102,[],197
6,为什么除了人类，哺乳动物拉屎的时间都是 12 秒？,,https://www.zhihu.com/question/1909638546781874113,https://picx.zhimg.com/80/v2-f8bc70505cf76a02478bcfa39458f110_400x224.jpg,233 万热度,262,"596,160",107,False,True,11938132649131850859266674463631450183988491864537832487368062864282345418379,[],1146,[],265
7,如何评价在最终开启荣都保卫战后，《绝地潜兵 2》被大量集中差评的现象？,这是否是玩家们对「设计师教你玩游戏」的反抗？,https://www.zhihu.com/question/1911709283361466031,https://picx.zhimg.com/80/v2-dd18507d4f27056d9da9f1824f02273d_400x224.png?source=1def8aca,224 万热度,116,"612,942",77,False,True,57308659451532936686971286760314573643101405459956240233955787947932158163498,[],599,[],451
8,科比生涯场均 24.9 分，命中率又低，为什么还被称为超级得分手呢？,科比曾砍下第二高分的 81 分，即便退役战也能得到 60 分，更是连续 4 场 50+，场均得分虽然不能与乔丹，詹姆斯比，最主要原因是科比跟腱断裂后，运动能力下降，得分减弱，最后三年拉低了平均得分。,https://www.zhihu.com/question/1911373023505801327,https://pica.zhimg.com/80/v2-78af1ca779c923859e6418e3d322a4e9_400x224.jpg,195 万热度,138,"407,431",98,False,True,47568188017921217917788592919478169518759614692773753440406480461358677927611,[],540,[],96
9,怎么看待《绝地潜兵 2》超级 on sea 保卫进度卡死进度 99.9783%，必须按头防守荣城的问题？,官方是不是从几种运营方式里选择了一种最差的？,https://www.zhihu.com/question/1911469808517624600,https://pic1.zhimg.com/80/v2-32d4cc5f8363dfe72c54f8beb94dd824_400x224.png,184 万热度,27,"99,410",21,False,True,88682082575200938913518191535945512330496209206026342238330654026444061859369,[],122,[],220
10,韩国海军一架军机在浦项坠机，机上 4 人全部遇难，韩国一客机在越南降落时短暂偏离跑道，事故具体情况如何？,央视新闻消息，据韩国媒体 29 日报道，韩国浦项海军巡逻机坠毁事故中，机上 4 人全部遇难。韩国一客机在越南降落时短暂偏离跑道 起落架轮胎受损 央视新闻消息，当地时间 29 日下午，据韩国航空业界消息，韩国济州航空一架自仁川国际机场起飞的飞机在 28 日抵达越南岘港机场后，在降落滑行时短暂偏离跑道，随后重回跑道停稳。在此过程中飞机起落架轮胎受损。 涉事飞机为一架波音 737-800 客机，航班号为 7C2217。事发时飞机上共搭载 180 余名乘客以及机组人员，据悉没有人在事故中伤亡。韩国一客机在越南降落时短暂偏离跑道 起落架轮胎受损韩国海军一架军机在浦项坠机 央视新闻消息，当地时间 29 日 13 时 52 分左右，韩国海军一架反潜巡逻机在韩国东南部城市浦项降落过程中坠落山中。机上共有 4 人，目前人员伤亡情况不明。韩国海军一架军机在浦项坠机,https://www.zhihu.com/question/1911409686751744458,https://pic1.zhimg.com/50/v2-35bcdded6dd4522bee33a0f3f0afca92_400x224.jpg,181 万热度,128,"197,861",38,False,True,84950158789841694026815758553538073605880471717373662460628897896917442381362,[],279,[],36
11,车主曝深蓝汽车更改隐私协议，要求「必须同意推送推广，否则无法使用软件」，如何看待此事？,近日，深蓝汽车因为给老车主推送广告而备受吐槽，后深蓝汽车官方和深蓝汽车 CEO 邓承浩均进行了道歉。 然而事情没有完，昨日有深蓝汽车车主发现手机 App 用户隐私协议更新，里面出现了「向您提供我们的产品推广活动」、「灾害提醒、车辆或人员关怀、活动邀约等消息推送」条例。 从他公布的视频看，而如果选择「不同意」，那么软件将自动退出，无法使用。车主曝深蓝汽车更改隐私协议：必须同意推送推广 否则无法使用软件 不仅推送更新协议要求获取推送广告权限，并且用户如果不点击同意，就无法使用手机控制 App。,https://www.zhihu.com/question/1911498219470434791,https://picx.zhimg.com/80/v2-b3e0dca62abb0cbe81bb46707641f647_400x224.png,177 万热度,79,"82,653",67,False,True,65038789837519065653774173395096057808260505413989488653849058738790335466965,[],103,[],80
12,17 岁中学生成中国首位从北坡登顶珠峰的青少年，这有多厉害？和南坡相比，北坡登顶有哪些挑战？,据央视新闻 5 月 28 日报道，5 月 25 日，北京第八十中学学生李浩榕在当天早晨 6 点 39 分成功登顶珠穆朗玛峰，成为中国首位从北坡登顶珠峰的青少年。 ▲央视新闻报道截图 根据游美营地（北京）教育科技有限公司官方微信公众号文章介绍，李浩榕成为中国登山史上首位从北坡登顶珠峰的未成年男生，全球第一个从北坡登顶珠峰的中国中学生，同时获得国家健将级运动员称号。 此次珠峰攀登历时 46 天，抵达珠峰大本营后，登山队展开了多次高原适应性拉练，建立海拔记忆，并在真实雪山和冰壁环境中进行多项高海拔攀登技能和技术装备的训练，以便冲顶时顺利翻越珠峰北坳大冰壁和第一、第二和第三台阶。5 月 20 日迎来珠峰窗口期，登山队从珠峰大本营出发冲顶，队员于 5 月 25 日 6 点到 9 点，相继胜利登顶。 ▲李浩榕发布的登顶珠峰视频截图 5 月 26 日下午，李浩榕本人也在自己账号分享了自己成功登顶珠峰的视频，他在留言中再次感谢向导洛桑顿珠和索朗次仁，两位向导在其登顶途中所提供的保护与帮助是不可或缺的。李浩榕也感谢亲人和师友，以及攀登雪山以来陪伴他登山的队友。「他们对我的支持令我受益匪浅，没有你们我是真的不可能完成这样的攀登。」 ▲李浩榕发布的登顶珠峰视频截图 5 月 29 日，红星新闻记者在李浩榕抖音账号留言，表达了相关采访请求，截至发稿对方暂未回复。 据北京第八十中学官方微信账号介绍，李浩榕为该校国际部学生，校攀登社成员，成功登顶过海拔 5025 米的四姑娘山、 5895 米的非洲最高峰乞力马扎罗、 6178 米的青海玉珠峰。西藏自治区人民政府官网文章介绍，2024 年 10 月 8 日 8 时 10 分，李浩榕成功登顶海拔 8201 米的卓奥友峰，成为中国第一个登顶卓奥友峰的未成年男性。 29 日，中国登山运动员次仁扎西接受红星新闻记者采访，他表示和南坡相比，从北坡登顶珠峰对挑战者的要求更严格，费用也会更高。从北坡出发抵达海拔 8300 米以后需要越过「三大台阶」，最难的点在于天气变化。「今年和以往不一样，天气变化无常，北坡这边氧气稀少，而南坡氧气更充足一点。」次仁扎西说，北坡的地形相当于一个大风口，风特别大，因此要求严格。 次仁扎西介绍，如果想从北坡登顶珠峰，最主要的还是高海拔适应能力。首先需要家人的支持，第二就是要有充足的资金。 「如果想登顶珠峰又想安全地回来，北坡这边的向导、公司的要求很严格，各项制度都很规范，一般都不会出意外事故。费用或将近 50 万元，而且随着珠峰冰川融化，这个费用以后还会上涨。」次仁扎西说。%3D%3D&scm=thor.280_14-200000.0.0.&spm=smpc.home.top-news2.15.17485092030265oXoZw5_1467,https://www.zhihu.com/question/1911487556740145665,https://pic2.zhimg.com/50/v2-aed9895e1aae27c6892351b4f3b98e4b_400x224.jpg,173 万热度,410,"713,642",314,False,True,38117789232967583491761290622477060865231279646696668106869729077944811401485,[],649,[],629
13,怎样判断父母是不是真的爱你？,怎样判断父母是不是真的爱你？,https://www.zhihu.com/question/321353759,https://pic1.zhimg.com/80/v2-d4cb6a8d0f8e9a7d8af9a0aeead28424_400x224.jpeg,169 万热度,5428,"10,139,677","1,141",False,True,36486690151708735178022108016954794593189558234088427326303103816893639435883,[],4164,[],8901
14,为什么每次浇筑多余的几方混凝土，罐车不愿意拉回去？,,https://www.zhihu.com/question/638477065,https://picx.zhimg.com/v2-b7fafd7ea8a432b51779829969ba952d_400x224.jpg?source=57bbeac9,164 万热度,105,"1,237,411",72,False,True,16194661077042851069613447868359321448233806182173073553645523537640981695821,[],797,[],473
15,儿童公园「司马光砸缸」雕塑被指像猴，当地称将组织调研，如何评价这一设计？作为儿童教育雕塑合适吗？,近日，苏州昆山一儿童公园内一组「司马光砸缸」主题雕塑，因造型夸张被市民吐槽。雕塑中人物形象与正常儿童相去甚远，被形容为「像猴」。 对此，南京零距离记者找到了昆山市开发区管委会了解情况。近日，当地相关部门就儿童公园雕塑情况做了说明： 该公园雕塑建于 2002 年，设计初衷以儿童视角体现人物风格，雕塑面部较为饱满，因建成后至 2022 年改造前均未收到负面反馈，所以改造中保留了雕塑。 该雕塑已经设置 23 年，随着城市建设的精细化，周边市民对公园功能需求不断增加，2022 年启动改造，增加了休闲广场、游乐场地、健身、风雨廊架等功能设施。 针对群众近期提出的雕塑形象问题，相关部门将组织调研，对周边儿童和家长等群体进行问卷调查，研判后再决定对雕塑的处置。 据南京零距离报道，昆山一儿童公园内，一组以「司马光砸缸」为主题的雕塑引发争议，不少居民认为其形象夸张怪异，与认知中的儿童形象相去甚远。 引发争议的雕塑群里共包含 5 个儿童形象，人像呈现出的艺术风格有些怪诞。在公园里游玩的张先生表示，即便考虑到艺术抽象化处理，这样的造型也太夸张。 张先生称，从去年开始就因为这组雕塑的形象问题向相关部门进行反映，希望可以更改。 居民胡女士表示，不像个小孩子，像个动物。如果孩子问起为什么砸缸的司马光像猴子，大人没办法正面回答。 这一组雕塑在当地网友之间也引发热议：「猴子一样」 「确实难看」「比较抽象，欣赏不来，晚上尽量不去那里」「用传统儿童造型会更符合中国人的审美」…苏州一公园「司马光砸缸」雕塑被指像猴，官方回应：建成后 20 年未收到负面反馈 _ 腾讯新闻,https://www.zhihu.com/question/1911487080229463099,https://pica.zhimg.com/80/v2-d5b4b7d6e6981081495682c4af83474c_400x224.png?source=1def8aca,157 万热度,388,"688,856",256,False,True,78912007663052369730616528595766961491791645612328998881061660469043851419776,[],462,[],123
16,顺丰寄丢价值 5 万手镯仅赔 67 元，这赔偿机制合理吗？快递贵重物品怎样做最保险？,近日，一女子联系记者称，自己花 5 万翡翠手镯被顺丰快递弄丢了，当事人和顺丰协商，由于快件没有保价，顺丰提出给予基础运费 7.5 元的 9 倍赔偿，即 67.5 元，当事人无法接受。 该事件曝光后，顺丰速运涉事网点负责人称已成立理赔小组，事件仍在处理中。 顺丰寄丢价值 5 万手镯仅赔 67 元 顺丰：快件没有保价，已成立理赔小组 近日，佛山的陈小姐网购了一只价值 49800 元的翡翠手镯，由于银行卡限额，她分开了三次支付，但收到货后她不太满意，于是选择了退货退款，当天上门收件的是顺丰速运，然而第二天晚上，陈小姐就被告知快件丢失了。 陈小姐： 快递员在 22 日早上 10 点把件取走了 是顺丰快递员 取走了之后 我这里就显示物流一直在正常运送的 按道理 23 日晚上就到了 但是我 23 日晚上才接到一个快递员的电话 他说我的件丢了 第二天，陈小姐和快递员报警处理，并到小区物管处调取了监控，发现快件是在监控盲区处丢失的，目前没办法确定快件的去处。后续陈小姐和顺丰协商理赔，但由于快件没有保价，她无法接受顺丰给出的赔偿金额。 涉事的顺丰速运网点负责人表示，目前当事快递员仍在正常上班，他每天都有在小区寻找丢失的快件，但仍未找回。 涉事网点负责人： 我们也配合警察去找货了 你说监守自盗这种事情 其实我们也诈过他 让他和领导对接过 确实没有 如果真的是监守自盗他都跑路了 应该是被别人捡了 被小区的某个业主捡了 针对此事，陈小姐正在走法律程序解决。对此，顺丰速运集团表示，由于快件没有保价，将按照非保价快件的条款，与客户协商理赔，暂时无法达成一致意见。将继续与客户保持沟通协商理赔。目前警方正在介入调查。 ,https://www.zhihu.com/question/1911709449699156355,https://pic3.zhimg.com/v2-f84b239ebfb601d5bc451730faf52b26_400x224.jpg,140 万热度,35,"31,830",23,False,True,2868250079469477124614469743117076946751934249496458916786144895769269251464,[],27,[],44
17,欧盟消息人士称无法改变特朗普对欧贸易政策，因此可能需要让步，从经济和地缘学看，欧洲为何需要退让？,消息人士透露，欧盟贸易谈判代表承认，他们不太可能迫使美国总统特朗普取消对欧盟施加的对等关税，并向各成员国发出警告，为了避免全面贸易战，可能需要作出更大的让步。 ,https://www.zhihu.com/question/1911682268495345259,https://pic1.zhimg.com/80/v2-3433bd64df429e4046a60b1da43135cb_400x224.png?source=1def8aca,127 万热度,26,"25,484",17,False,True,90952059226142881962360119696027597157127501211032522074311323525030793733632,[],7,[],312
18,为什么感觉旅游越来越没意思了？,,https://www.zhihu.com/question/1909216971469337728,https://pic1.zhimg.com/80/v2-07c309ff9ed164d169f37975dcfca6df_400x224.jpg,118 万热度,279,"179,403",157,False,True,55289678927625525577770819139612268034470159921188020893788577130160146435656,[],129,[],108
19,请问如何看待 2025 年新一线城市榜单？,,https://www.zhihu.com/question/1911051260477547256,https://pica.zhimg.com/50/v2-c3308caaa3d191dfe3de128cef31cdc2_400x224.jpg,106 万热度,67,"99,658",44,False,True,20350660049908753901889265505251433243629240262040570196412643277481096133101,[],141,[],73
20,《西虹市首富》里面想花完钱却越花越多的情况，现实里面会发生吗？,,https://www.zhihu.com/question/428046378,https://pica.zhimg.com/80/v2-9d765f33c660464349b02c0a9628332f_400x224.png,102 万热度,1701,"12,432,115",503,False,True,34243415283597504924579455944019884676472189753939859962166485945074377485498,[],1,[],1
21,5 月 30 日汤姆·克鲁斯主演的电影《碟中谍 8：最终清算》上映，如何评价这部电影？,,https://www.zhihu.com/question/1911477845458384078,https://picx.zhimg.com/50/v2-10a88c3d28cc53dbd22405cb65470973_400x224.jpg,98 万热度,21,"12,234",15,False,True,84510701384470818977062096721387707258214128306373203350630381188155904170680,[],8,[],20
22,禁招国际生案哈佛再获胜，美政府改立场提出「30 天限期」，怎样解读？禁招政策最终会被取消吗？,央视新闻消息，当地时间 29 日，美国马萨诸塞州联邦地区法院一名法官批准了哈佛大学提出的发布初步禁令请求，「叫停」特朗普政府取消哈佛大学招收外国学生资质的政策。 该法院法官艾莉森·伯勒斯 29 日就该案举行听证会。法院网站最新信息显示，此前发布的临时限制令将继续有效，待各方协商并提交提议供法官下一步审议之后，将发布最终的初步禁令。 本月 22 日，美国国土安全部宣布取消哈佛大学获得的学生和交流学者项目资质，禁止该校招收国际学生。23 日，哈佛大学就这一政策起诉特朗普政府。伯勒斯同日对特朗普政府针对哈佛的「国际禁招令」发出临时限制令，要求在举行听证会之前「维持现状」。 根据目前的裁决，哈佛大学仍将能够招收国际学生，但国土安全部表示，它仍计划通过行政途径撤销哈佛的 SEVP 认证。 本案法官伯勒斯表示，她将允许这一行政程序继续进行，哈佛大学将提交证据，反驳国土安全部关于该校允许校园内存在反犹太主义以及未能提供国际学生信息的指控。 特朗普政府给予哈佛 30 天时间提出异议 在 29 日听证会举行之前，美国司法部向法院提交了一份通知。根据这份显示日期为 28 日、由美国国土安全部发给哈佛大学的通知，特朗普政府给予哈佛大学 30 天时间，对政府撤销其招收外国学生和交流学者资格的政策提出异议。美国有线电视新闻网报道说，此举是在法官介入后，特朗普政府试图改变其在该事件上的强硬立场。禁招国际生案哈佛再获胜 美政府改立场提出「30 天限期」外交部回应美国决定取消中国留学生签证，歧视性做法戳穿所谓「自由开放」谎言，此举是否是「学术种族主义」？ - 知乎,https://www.zhihu.com/question/1911678788586168778,https://picx.zhimg.com/v2-022797523de3ed48add99cdae7071129_400x224.jpg?source=57bbeac9,95 万热度,36,"14,879",22,False,True,76982565923594055925024544996548347022721935881619893092429167944137559237591,[],14,[],6
23,理想汽车第一季度调整后净利润下降 20％，交付量增长 16％ 至 92864 辆，如何评价这一业绩？,5 月 29 日，理想汽车港交所公告称，第一季度实现营收 259.3 亿元人民币，同比增长 1.1％；净利润为人民币 6.47 亿元，同比增长 9.4％；归属股东的调整后净利润 10.2 亿元人民币，同比下降 20％。 第一季度交付量 92864 辆，同比增长 16％。公司预计第二季度营收 325 亿元人民币至 338 亿元人民币，同比增长 2.5% 至 6.7％；预计第二季度交付量 123000 至 128000 辆，同比增长 13.3% 至 17.9%。 第一季度的经营活动所用现金净额为人民币 17 亿元，较 2024 年第一季度的经营活动所用现金净额人民币 33 亿元减少 49.1%，而 2024 年第四季度的经营活动所得现金淨额为人民币 87 亿元。经营活动所用现金净额较 2024 年第一季度的变动主要由于从客户收到的现金增加及其他营运资金变动。理想汽车第一季度调整后净利润 10.2 亿元，同比下降 20％,https://www.zhihu.com/question/1911467242572461998,https://picx.zhimg.com/50/v2-79a7354c6d75a650beb4a9efb80b0453_400x224.jpg,82 万热度,41,"53,417",24,False,True,58876776538673171596295445300609531250286210333405903152953641613586229779211,[],29,[],20
24,假如有一个按钮，姚明亲自按了之后他身体恢复到 25 岁无伤病状态，但他财富清零，你认为他会按吗？,如题，按了之后姚明带着现有的记忆把身体恢复到 25 岁无伤病状态（但是时光不倒流），但是他名下现有所有资产都上交，以及所有最终受益人是他的现金流都不再有他的份，再残忍一点连他已取得的所有荣誉带来的收益都剥夺掉（他想卖奖牌都不行），简单的说就是一切清零，只剩身上穿着一身廉价的低档篮球服鞋和一个廉价的低档篮球嗖的一声传送到一个室内（别冻着他）篮球场，让他从头再来。你觉得他会按吗？按了之后还能东山再起吗？,https://www.zhihu.com/question/1898494982609937540,https://picx.zhimg.com/80/v2-52fb9b2c06a8200a36c0104a36a5f892_400x224.png?source=1def8aca,78 万热度,399,"1,078,300",299,False,True,22795452359697236846110852925918203295647821579130075442911176278356600401369,[],1952,[],1447
25,科技工作者，今年是你入行的第几年？还记得刚入行时的自己吗？若能与那个「新人」通话 60s，你会聊什么？,科技工作者，你好。 今年是你入行的第几年？还记得刚刚参加工作时的自己吗？ 从「新人菜鸟」到「独当一面」，你见证了哪些自己和行业的变化？ 这些年，你参与的科研成果中，哪一项真正改变了普通人的生活？或者，有没有一个瞬间，你觉得「很值得」？ 时过境迁，如果有一个与当年的自己「跨时空对话」 60 秒的机会，你最想对 TA 说点什么？ 当年困扰你的问题，如今得到解答了吗？今天，哪些问题成了你正在思考的？ 也许我们在不同的年代，都遇到过相似的问题。也许你现在正在困惑的，是我曾经历的。 你的问题，期待同路的「过来人」给你 @解答。,https://www.zhihu.com/question/1900483532964500590,https://picx.zhimg.com/80/v2-f6a900f1b575fb0ce1168539f907a446_400x224.png?source=1def8aca,73 万热度,135,"29,527",37,False,True,26273198610573082118730258063222651351354635142228384267130485462891746329212,[],72,[],92
26,哪些游戏领域提问会让你直呼提问角度真好？你觉得哪些条件能够算作好问题？,你是否经常会在脑海里闪过这些问号... 《英雄联盟》堆生命值和护甲哪个会更「肉」？ 为什么《黑神话：悟空》里「金池长老」跟「幽魂」长得几乎一样？ 为什么越来越多的游戏默认暴击伤害是 50%？ 为什么部分 FPS 游戏玩家有「换弹癌」？ 为什么在游戏中有身体缺陷的角色往往有着更高的战斗力？ 为什么玩游戏被 Boss「军训」十几次后我的战斗欲望会越来越强？《三国杀》中一张「杀」理论上最多可以造成多少伤害？ 为什么《红色警戒》的简称叫「红警」，《星际争霸》的简称却叫「星际」？ 总有一批玩家在体验游戏过程中，把游戏设定结合自身见闻与知识，碰撞出或脑洞大开或引人深思的好问题。上知乎，分享你的好奇心，让千万知友一起「无用 / 有用的知识又增加啦」！ 同时知乎游戏也将邀请知友们回答投稿到活动中的好问题，共赴一场游戏领域好奇心大赏。提问与回答都可以积攒活动积分，Switch2 游戏机、逐夜高端电竞椅还有海量游戏周边及盐粒送不停，这个 6 月，我们一起放飞好奇心！活动主会场：游问题大赛,https://www.zhihu.com/question/1911766060492878951,https://pic1.zhimg.com/80/v2-726a57e63f8dbc64dc29fbbad610437e_400x224.png?source=1def8aca,69 万热度,32,"2,966",21,False,True,85236586031542334234159861628460895153562941989130399006769078174332379598784,[],9,[],14
27,如果鸡的是恐龙的后代的话，它们保留了哪些恐龙时代的特征？,,https://www.zhihu.com/question/302064123,https://picx.zhimg.com/80/v2-5b04080bb377775d1a9e50669da0c7b5_400x224.png,69 万热度,69,"144,174",15,False,True,56798966041824699728962214121636922793332467567003001207786670554153817186823,[],247,[],79
28,为什么游戏里需要将冲锋枪设定为一个低伤害的武器？,,https://www.zhihu.com/question/1911308625529513790,https://pic4.zhimg.com/50/v2-e9d0dbb5cb9e79f05d16cd208a9c663f_400x224.jpg,67 万热度,22,"23,671",17,False,False,1217543494750641800181860406867589650298301814357500550661898454412837398845,[],52,[],10
29,《大明王朝 1566》里严嵩为什么说大明朝离不开他呢？,明明严嵩倒台后，徐阶干得比他强多了 再者，大明朝连嘉靖都离得开，为何离不开他严嵩,https://www.zhihu.com/question/1907838385164387087,,66 万热度,24,"13,495",19,False,True,7791192493602115587577275950392890338297970167592023018119859474955886482220,[],109,[],50
30,长门的实力为什么争议这么大？,,https://www.zhihu.com/question/516886271,https://pica.zhimg.com/50/v2-824793550bec76314378adf89a1d9a68_400x224.jpg,63 万热度,36,"262,229",21,False,True,53393212282781914570898853516253907878989373816831054587016510126620217225276,[],458,[],757
